{"final_train_loss": 4.569901466369629, "final_val_loss": 4.651047229766846, "final_train_acc": 0.013671875, "final_val_acc": 0.00537109375, "step_val_acc_99": 50}