{"final_train_loss": 4.785625457763672, "final_val_loss": 4.844935417175293, "final_train_acc": 0.01171875, "final_val_acc": 0.0078125, "step_val_acc_99": 50}