{"final_train_loss": 4.523345470428467, "final_val_loss": 4.609753131866455, "final_train_acc": 0.0263671875, "final_val_acc": 0.01513671875, "step_val_acc_99": 50}