{"final_train_loss": 4.525826454162598, "final_val_loss": 4.612854957580566, "final_train_acc": 0.02812499925494194, "final_val_acc": 0.01416015625, "step_val_acc_99": 50}