{"final_train_loss": 4.564934253692627, "final_val_loss": 4.660258769989014, "final_train_acc": 0.01640624925494194, "final_val_acc": 0.00537109375, "step_val_acc_99": 50}