{"final_train_loss": 4.796523094177246, "final_val_loss": 4.848320007324219, "final_train_acc": 0.007617187686264515, "final_val_acc": 0.007568359375, "step_val_acc_99": 50}