{"final_train_loss": 4.794680595397949, "final_val_loss": 4.832668304443359, "final_train_acc": 0.00917968712747097, "final_val_acc": 0.005615234375, "step_val_acc_99": 50}