{"x_div_y": {"means": {"final_train_loss_mean": 4.519981225331624, "final_val_loss_mean": 4.613051255544026, "final_train_acc_mean": 0.02688802033662796, "final_val_acc_mean": 0.015299479166666666, "step_val_acc_99_mean": 50.0}, "stderrs": {"final_train_loss_stderr": 0.0021967927394709215, "final_val_loss_stderr": 0.0009255055733135359, "final_train_acc_stderr": 0.0002927676931666566, "final_val_acc_stderr": 0.0003344408638763551, "step_val_acc_99_stderr": 0.0}, "final_info_dict": {"final_train_loss": [4.525826454162598, 4.510771751403809, 4.523345470428467], "final_val_loss": [4.612854957580566, 4.616545677185059, 4.609753131866455], "final_train_acc": [0.02812499925494194, 0.02617187425494194, 0.0263671875], "final_val_acc": [0.01416015625, 0.0166015625, 0.01513671875], "step_val_acc_99": [50, 50, 50]}}, "x_minus_y": {"means": {"final_train_loss_mean": 4.56908639272054, "final_val_loss_mean": 4.6493239402771, "final_train_acc_mean": 0.01503906212747097, "final_val_acc_mean": 0.00732421875, "step_val_acc_99_mean": 50.0}, "stderrs": {"final_train_loss_stderr": 0.001037100818398414, "final_val_loss_stderr": 0.0032361855073039167, "final_train_acc_stderr": 0.00037210120502281546, "final_val_acc_stderr": 0.0009207119546699839, "step_val_acc_99_stderr": 0.0}, "final_info_dict": {"final_train_loss": [4.569901466369629, 4.564934253692627, 4.572423458099365], "final_val_loss": [4.651047229766846, 4.660258769989014, 4.6366658210754395], "final_train_acc": [0.013671875, 0.01640624925494194, 0.01503906212747097], "final_val_acc": [0.00537109375, 0.00537109375, 0.01123046875], "step_val_acc_99": [50, 50, 50]}}, "x_plus_y": {"means": {"final_train_loss_mean": 4.569560368855794, "final_val_loss_mean": 4.6427914301554365, "final_train_acc_mean": 0.01490885391831398, "final_val_acc_mean": 0.005452473958333333, "step_val_acc_99_mean": 50.0}, "stderrs": {"final_train_loss_stderr": 0.001459043812463816, "final_val_loss_stderr": 0.002781261348370954, "final_train_acc_stderr": 0.00039897505315095996, "final_val_acc_stderr": 0.0002029979050984126, "step_val_acc_99_stderr": 0.0}, "final_info_dict": {"final_train_loss": [4.5715813636779785, 4.563482761383057, 4.573616981506348], "final_val_loss": [4.6400861740112305, 4.654090881347656, 4.634197235107422], "final_train_acc": [0.01640624925494194, 0.014843749813735485, 0.013476562686264515], "final_val_acc": [0.006103515625, 0.005615234375, 0.004638671875], "step_val_acc_99": [50, 50, 50]}}, "permutation": {"means": {"final_train_loss_mean": 4.792276382446289, "final_val_loss_mean": 4.84197457631429, "final_train_acc_mean": 0.009505208271245161, "final_val_acc_mean": 0.006998697916666667, "step_val_acc_99_mean": 50.0}, "stderrs": {"final_train_loss_stderr": 0.0015875627672237095, "final_val_loss_stderr": 0.002241343590445371, "final_train_acc_stderr": 0.000563400808887706, "final_val_acc_stderr": 0.00032777359954412356, "step_val_acc_99_stderr": 0.0}, "final_info_dict": {"final_train_loss": [4.796523094177246, 4.785625457763672, 4.794680595397949], "final_val_loss": [4.848320007324219, 4.844935417175293, 4.832668304443359], "final_train_acc": [0.007617187686264515, 0.01171875, 0.00917968712747097], "final_val_acc": [0.007568359375, 0.0078125, 0.005615234375], "step_val_acc_99": [50, 50, 50]}}}