{"final_train_loss": 4.510771751403809, "final_val_loss": 4.616545677185059, "final_train_acc": 0.02617187425494194, "final_val_acc": 0.0166015625, "step_val_acc_99": 50}