{"final_train_loss": 4.573616981506348, "final_val_loss": 4.634197235107422, "final_train_acc": 0.013476562686264515, "final_val_acc": 0.004638671875, "step_val_acc_99": 50}