{"final_train_loss": 4.572423458099365, "final_val_loss": 4.6366658210754395, "final_train_acc": 0.01503906212747097, "final_val_acc": 0.01123046875, "step_val_acc_99": 50}