{"final_train_loss": 4.5715813636779785, "final_val_loss": 4.6400861740112305, "final_train_acc": 0.01640624925494194, "final_val_acc": 0.006103515625, "step_val_acc_99": 50}