{"final_train_loss": 4.563482761383057, "final_val_loss": 4.654090881347656, "final_train_acc": 0.014843749813735485, "final_val_acc": 0.005615234375, "step_val_acc_99": 50}